{
  "hash": "64382d69",
  "configHash": "078cb4c3",
  "lockfileHash": "e5c21626",
  "browserHash": "f9ee5d81",
  "optimized": {
    "@angular/common": {
      "src": "../../../../../../node_modules/@angular/common/fesm2022/common.mjs",
      "file": "@angular_common.js",
      "fileHash": "e381a8b8",
      "needsInterop": false
    },
    "@angular/core": {
      "src": "../../../../../../node_modules/@angular/core/fesm2022/core.mjs",
      "file": "@angular_core.js",
      "fileHash": "fadc1d67",
      "needsInterop": false
    },
    "@angular/forms": {
      "src": "../../../../../../node_modules/@angular/forms/fesm2022/forms.mjs",
      "file": "@angular_forms.js",
      "fileHash": "e1e69f9b",
      "needsInterop": false
    },
    "@angular/platform-browser": {
      "src": "../../../../../../node_modules/@angular/platform-browser/fesm2022/platform-browser.mjs",
      "file": "@angular_platform-browser.js",
      "fileHash": "62f792ab",
      "needsInterop": false
    },
    "@angular/router": {
      "src": "../../../../../../node_modules/@angular/router/fesm2022/router.mjs",
      "file": "@angular_router.js",
      "fileHash": "2e334279",
      "needsInterop": false
    },
    "@capacitor-mlkit/barcode-scanning": {
      "src": "../../../../../../node_modules/@capacitor-mlkit/barcode-scanning/dist/esm/index.js",
      "file": "@capacitor-mlkit_barcode-scanning.js",
      "fileHash": "a6d0dd23",
      "needsInterop": false
    },
    "@ionic/angular": {
      "src": "../../../../../../node_modules/@ionic/angular/fesm2022/ionic-angular.mjs",
      "file": "@ionic_angular.js",
      "fileHash": "0f362f8d",
      "needsInterop": false
    },
    "@ionic/angular/standalone": {
      "src": "../../../../../../node_modules/@ionic/angular/fesm2022/ionic-angular-standalone.mjs",
      "file": "@ionic_angular_standalone.js",
      "fileHash": "2a5a8496",
      "needsInterop": false
    },
    "angularx-qrcode": {
      "src": "../../../../../../node_modules/angularx-qrcode/fesm2022/angularx-qrcode.mjs",
      "file": "angularx-qrcode.js",
      "fileHash": "a9215d73",
      "needsInterop": false
    },
    "ionicons": {
      "src": "../../../../../../node_modules/ionicons/dist/index.js",
      "file": "ionicons.js",
      "fileHash": "534142ff",
      "needsInterop": false
    },
    "ionicons/icons": {
      "src": "../../../../../../node_modules/ionicons/icons/index.mjs",
      "file": "ionicons_icons.js",
      "fileHash": "5107de16",
      "needsInterop": false
    },
    "zone.js": {
      "src": "../../../../../../node_modules/zone.js/fesm2015/zone.js",
      "file": "zone__js.js",
      "fileHash": "c7f83dad",
      "needsInterop": true
    }
  },
  "chunks": {
    "keyboard-MPBM46O4": {
      "file": "keyboard-MPBM46O4.js"
    },
    "index7-6JLJ7375": {
      "file": "index7-6JLJ7375.js"
    },
    "status-tap-IUG2PSFS": {
      "file": "status-tap-IUG2PSFS.js"
    },
    "input-shims-CGYUXWZT": {
      "file": "input-shims-CGYUXWZT.js"
    },
    "focus-visible-RPCUA5WR": {
      "file": "focus-visible-RPCUA5WR.js"
    },
    "ion-split-pane.entry-3BSHYRZG": {
      "file": "ion-split-pane__entry-3BSHYRZG.js"
    },
    "ion-tab-bar_2.entry-UB5R242A": {
      "file": "ion-tab-bar_2__entry-UB5R242A.js"
    },
    "ion-tab_2.entry-ISVDOQNN": {
      "file": "ion-tab_2__entry-ISVDOQNN.js"
    },
    "ion-text.entry-NZCV4ZNU": {
      "file": "ion-text__entry-NZCV4ZNU.js"
    },
    "ion-textarea.entry-ZQUADNZM": {
      "file": "ion-textarea__entry-ZQUADNZM.js"
    },
    "ion-toast.entry-V5O2PQEK": {
      "file": "ion-toast__entry-V5O2PQEK.js"
    },
    "ion-toggle.entry-QHO763CT": {
      "file": "ion-toggle__entry-QHO763CT.js"
    },
    "swipe-back-466LFMBW": {
      "file": "swipe-back-466LFMBW.js"
    },
    "ion-route_4.entry-EEXIXU6N": {
      "file": "ion-route_4__entry-EEXIXU6N.js"
    },
    "ion-searchbar.entry-RKC6NKM7": {
      "file": "ion-searchbar__entry-RKC6NKM7.js"
    },
    "ion-segment-content.entry-NFEEQRKQ": {
      "file": "ion-segment-content__entry-NFEEQRKQ.js"
    },
    "ion-segment-view.entry-UVWXXAEB": {
      "file": "ion-segment-view__entry-UVWXXAEB.js"
    },
    "ion-segment_2.entry-2RUGSHAC": {
      "file": "ion-segment_2__entry-2RUGSHAC.js"
    },
    "ion-select-modal.entry-ZZCQRAWD": {
      "file": "ion-select-modal__entry-ZZCQRAWD.js"
    },
    "ion-select_3.entry-WTJZZI6U": {
      "file": "ion-select_3__entry-WTJZZI6U.js"
    },
    "ion-spinner.entry-3DPWMXIE": {
      "file": "ion-spinner__entry-3DPWMXIE.js"
    },
    "ion-picker.entry-LAMV7QAZ": {
      "file": "ion-picker__entry-LAMV7QAZ.js"
    },
    "ion-popover.entry-TRSCPXCK": {
      "file": "ion-popover__entry-TRSCPXCK.js"
    },
    "ion-progress-bar.entry-S5ZZSKUY": {
      "file": "ion-progress-bar__entry-S5ZZSKUY.js"
    },
    "ion-radio_2.entry-XQ4RIGVW": {
      "file": "ion-radio_2__entry-XQ4RIGVW.js"
    },
    "chunk-4YTI4ER5": {
      "file": "chunk-4YTI4ER5.js"
    },
    "ion-range.entry-HT4RWZSU": {
      "file": "ion-range__entry-HT4RWZSU.js"
    },
    "ion-refresher_2.entry-XXZI77BH": {
      "file": "ion-refresher_2__entry-XXZI77BH.js"
    },
    "chunk-EKTWLTWC": {
      "file": "chunk-EKTWLTWC.js"
    },
    "ion-reorder_2.entry-FQ3HOPDN": {
      "file": "ion-reorder_2__entry-FQ3HOPDN.js"
    },
    "ion-ripple-effect.entry-X7ZLRLAQ": {
      "file": "ion-ripple-effect__entry-X7ZLRLAQ.js"
    },
    "ion-item-option_3.entry-JJ7UWSV6": {
      "file": "ion-item-option_3__entry-JJ7UWSV6.js"
    },
    "chunk-BW7P24PA": {
      "file": "chunk-BW7P24PA.js"
    },
    "ion-item_8.entry-Q7QFGBWR": {
      "file": "ion-item_8__entry-Q7QFGBWR.js"
    },
    "ion-loading.entry-GSTF5QHL": {
      "file": "ion-loading__entry-GSTF5QHL.js"
    },
    "ion-menu_3.entry-ELWCRU6E": {
      "file": "ion-menu_3__entry-ELWCRU6E.js"
    },
    "ion-modal.entry-ZTO5PDWS": {
      "file": "ion-modal__entry-ZTO5PDWS.js"
    },
    "ion-nav_2.entry-VJMGX7ZL": {
      "file": "ion-nav_2__entry-VJMGX7ZL.js"
    },
    "ion-picker-column-option.entry-HHJB4NDS": {
      "file": "ion-picker-column-option__entry-HHJB4NDS.js"
    },
    "ion-picker-column.entry-WRMECJZ7": {
      "file": "ion-picker-column__entry-WRMECJZ7.js"
    },
    "ion-datetime-button.entry-5O62S3UW": {
      "file": "ion-datetime-button__entry-5O62S3UW.js"
    },
    "ion-datetime_3.entry-R567ZS7J": {
      "file": "ion-datetime_3__entry-R567ZS7J.js"
    },
    "chunk-77ENGQNB": {
      "file": "chunk-77ENGQNB.js"
    },
    "ion-fab_3.entry-2RAHJEOX": {
      "file": "ion-fab_3__entry-2RAHJEOX.js"
    },
    "ion-img.entry-NTMAUZST": {
      "file": "ion-img__entry-NTMAUZST.js"
    },
    "ion-infinite-scroll_2.entry-C6HB4PQK": {
      "file": "ion-infinite-scroll_2__entry-C6HB4PQK.js"
    },
    "ion-input-otp.entry-52MWIMF7": {
      "file": "ion-input-otp__entry-52MWIMF7.js"
    },
    "ion-input-password-toggle.entry-KJSFEOKW": {
      "file": "ion-input-password-toggle__entry-KJSFEOKW.js"
    },
    "ion-input.entry-RKUK5KZT": {
      "file": "ion-input__entry-RKUK5KZT.js"
    },
    "chunk-D2U3FC54": {
      "file": "chunk-D2U3FC54.js"
    },
    "chunk-U5F6E2DG": {
      "file": "chunk-U5F6E2DG.js"
    },
    "ion-back-button.entry-XNLDMZWO": {
      "file": "ion-back-button__entry-XNLDMZWO.js"
    },
    "ion-backdrop.entry-TNZ6EXQX": {
      "file": "ion-backdrop__entry-TNZ6EXQX.js"
    },
    "ion-breadcrumb_2.entry-KWDNHOAY": {
      "file": "ion-breadcrumb_2__entry-KWDNHOAY.js"
    },
    "ion-button_2.entry-7ADWO7MA": {
      "file": "ion-button_2__entry-7ADWO7MA.js"
    },
    "ion-card_5.entry-CYDA3YG4": {
      "file": "ion-card_5__entry-CYDA3YG4.js"
    },
    "ion-checkbox.entry-MJVRWSJ3": {
      "file": "ion-checkbox__entry-MJVRWSJ3.js"
    },
    "chunk-5FN4WTS4": {
      "file": "chunk-5FN4WTS4.js"
    },
    "ion-chip.entry-ZHZYON2J": {
      "file": "ion-chip__entry-ZHZYON2J.js"
    },
    "ion-col_3.entry-GTPU73F4": {
      "file": "ion-col_3__entry-GTPU73F4.js"
    },
    "index-ceb5RaMT-OXHNT4D3": {
      "file": "index-ceb5RaMT-OXHNT4D3.js"
    },
    "status-tap-5DQ7Fc4V-S5OWOKCL": {
      "file": "status-tap-5DQ7Fc4V-S5OWOKCL.js"
    },
    "input-shims-D6H3ZaWt-GI35ZHUI": {
      "file": "input-shims-D6H3ZaWt-GI35ZHUI.js"
    },
    "keyboard-ywgs5efA-EU3EAUPI": {
      "file": "keyboard-ywgs5efA-EU3EAUPI.js"
    },
    "chunk-QGLHSLIO": {
      "file": "chunk-QGLHSLIO.js"
    },
    "focus-visible-BmVRXR1y-KFFUHPBS": {
      "file": "focus-visible-BmVRXR1y-KFFUHPBS.js"
    },
    "chunk-QRN5AHKQ": {
      "file": "chunk-QRN5AHKQ.js"
    },
    "swipe-back-BKw2CAHc-QPZBQIPT": {
      "file": "swipe-back-BKw2CAHc-QPZBQIPT.js"
    },
    "ion-app_8.entry-BT7HCLGZ": {
      "file": "ion-app_8__entry-BT7HCLGZ.js"
    },
    "chunk-QOJPTJRU": {
      "file": "chunk-QOJPTJRU.js"
    },
    "chunk-RKQBRT2R": {
      "file": "chunk-RKQBRT2R.js"
    },
    "chunk-UDOB7BMP": {
      "file": "chunk-UDOB7BMP.js"
    },
    "chunk-5NKZUR6M": {
      "file": "chunk-5NKZUR6M.js"
    },
    "ion-avatar_3.entry-GF5XV57K": {
      "file": "ion-avatar_3__entry-GF5XV57K.js"
    },
    "hardware-back-button-OGBPJ3NQ": {
      "file": "hardware-back-button-OGBPJ3NQ.js"
    },
    "ion-accordion_2.entry-LC7K7BEA": {
      "file": "ion-accordion_2__entry-LC7K7BEA.js"
    },
    "chunk-IUTD4BIB": {
      "file": "chunk-IUTD4BIB.js"
    },
    "index-CfgBF1SE-TXQNAZKO": {
      "file": "index-CfgBF1SE-TXQNAZKO.js"
    },
    "hardware-back-button-CPLxO-Ev-2APEPNYJ": {
      "file": "hardware-back-button-CPLxO-Ev-2APEPNYJ.js"
    },
    "ion-action-sheet.entry-TGIG7XG6": {
      "file": "ion-action-sheet__entry-TGIG7XG6.js"
    },
    "ion-alert.entry-VZWN7JCM": {
      "file": "ion-alert__entry-VZWN7JCM.js"
    },
    "chunk-OY2OAOQX": {
      "file": "chunk-OY2OAOQX.js"
    },
    "chunk-32GL4UXS": {
      "file": "chunk-32GL4UXS.js"
    },
    "chunk-RU6372SK": {
      "file": "chunk-RU6372SK.js"
    },
    "chunk-KH3VUFSP": {
      "file": "chunk-KH3VUFSP.js"
    },
    "ios.transition-BDzw0_Hm-QWEZRK72": {
      "file": "ios__transition-BDzw0_Hm-QWEZRK72.js"
    },
    "md.transition-BzDYi3qq-AI76HJLT": {
      "file": "md__transition-BzDYi3qq-AI76HJLT.js"
    },
    "chunk-G5UZVNUA": {
      "file": "chunk-G5UZVNUA.js"
    },
    "chunk-IKS2SDKY": {
      "file": "chunk-IKS2SDKY.js"
    },
    "chunk-JR3G3XMM": {
      "file": "chunk-JR3G3XMM.js"
    },
    "chunk-L6ISKHKK": {
      "file": "chunk-L6ISKHKK.js"
    },
    "chunk-IUXA2G6D": {
      "file": "chunk-IUXA2G6D.js"
    },
    "web-VZ6NTYYU": {
      "file": "web-VZ6NTYYU.js"
    },
    "ios.transition-DB4X5RZT": {
      "file": "ios__transition-DB4X5RZT.js"
    },
    "md.transition-B7PHSCTW": {
      "file": "md__transition-B7PHSCTW.js"
    },
    "index3-E7NSAQDO": {
      "file": "index3-E7NSAQDO.js"
    },
    "chunk-IZAJSLLA": {
      "file": "chunk-IZAJSLLA.js"
    },
    "chunk-WVIO66MG": {
      "file": "chunk-WVIO66MG.js"
    },
    "chunk-34QX6F67": {
      "file": "chunk-34QX6F67.js"
    },
    "chunk-23XR3TUX": {
      "file": "chunk-23XR3TUX.js"
    },
    "chunk-VN67M3F5": {
      "file": "chunk-VN67M3F5.js"
    },
    "chunk-7XSZ3TVH": {
      "file": "chunk-7XSZ3TVH.js"
    },
    "chunk-7ADYHXQV": {
      "file": "chunk-7ADYHXQV.js"
    },
    "chunk-ZNVWAEFM": {
      "file": "chunk-ZNVWAEFM.js"
    },
    "chunk-Z3OEOVFM": {
      "file": "chunk-Z3OEOVFM.js"
    },
    "chunk-QA2SYHF5": {
      "file": "chunk-QA2SYHF5.js"
    },
    "chunk-MTJDCR7O": {
      "file": "chunk-MTJDCR7O.js"
    },
    "chunk-4OX4KR3G": {
      "file": "chunk-4OX4KR3G.js"
    },
    "chunk-WOACQHDG": {
      "file": "chunk-WOACQHDG.js"
    },
    "chunk-K3FLBXQH": {
      "file": "chunk-K3FLBXQH.js"
    },
    "chunk-QDPFHJB4": {
      "file": "chunk-QDPFHJB4.js"
    },
    "chunk-EROJLGIJ": {
      "file": "chunk-EROJLGIJ.js"
    },
    "chunk-LCMILTBF": {
      "file": "chunk-LCMILTBF.js"
    },
    "chunk-74TPFIDQ": {
      "file": "chunk-74TPFIDQ.js"
    },
    "chunk-NHKTVRXR": {
      "file": "chunk-NHKTVRXR.js"
    },
    "chunk-SZLPLPI3": {
      "file": "chunk-SZLPLPI3.js"
    },
    "chunk-YZG6ZS2K": {
      "file": "chunk-YZG6ZS2K.js"
    },
    "chunk-7555YMPR": {
      "file": "chunk-7555YMPR.js"
    },
    "chunk-GMBJ67AX": {
      "file": "chunk-GMBJ67AX.js"
    },
    "chunk-G7NPDNDC": {
      "file": "chunk-G7NPDNDC.js"
    },
    "chunk-4554YRK6": {
      "file": "chunk-4554YRK6.js"
    },
    "chunk-QEE7QVES": {
      "file": "chunk-QEE7QVES.js"
    },
    "chunk-2H3NLAAY": {
      "file": "chunk-2H3NLAAY.js"
    },
    "chunk-6U2AQA2C": {
      "file": "chunk-6U2AQA2C.js"
    },
    "chunk-RWDX6HIN": {
      "file": "chunk-RWDX6HIN.js"
    },
    "chunk-MIQM352U": {
      "file": "chunk-MIQM352U.js"
    },
    "chunk-SCPU5S3I": {
      "file": "chunk-SCPU5S3I.js"
    },
    "chunk-TDCRX6XB": {
      "file": "chunk-TDCRX6XB.js"
    },
    "chunk-HMRTLMW5": {
      "file": "chunk-HMRTLMW5.js"
    },
    "chunk-UL2P3LPA": {
      "file": "chunk-UL2P3LPA.js"
    }
  }
}